,SNP,beta_cleaned
0,rs146534110-T,0.148371
1,rs117733303-G,0.341533
2,rs118039278-A,0.276321
3,rs73596816-A,0.13941
4,rs115478735-T,0.0555015
5,rs1532085-A,0.0984173
6,rs1077835-G,0.110598
7,rs1801689-C,0.149312
8,rs73307905-C,0.0573325
9,rs738408-T,0.0484654
10,rs77960347-G,0.149067
11,rs416867-A,0.0355194
12,rs6065908-T,0.0838577
13,rs1367117-A,0.0320383
14,rs4245791-C,0.0335303
15,rs13354746-T,0.042748
16,rs1441754-A,0.0405419
17,rs115478735-T,0.0767194
18,rs76970536-A,0.059934
19,rs61983884-C,0.0323641
20,rs11645958-T,0.0400846
21,rs77960347-G,0.131964
22,rs103294-T,0.0391582
23,rs588245-A,0.0383564
24,rs1820164-C,0.0381931
25,rs15285-T,0.0454575
26,rs2519093-T,0.0511255
27,rs1318175-T,0.154405
28,rs12898210-G,0.0891786
29,rs1601933-T,0.163646
30,rs80236739-G,0.0797094
31,rs7241918-G,0.0518454
32,rs8101801-A,0.0787193
33,rs12976395-G,0.0562784
34,rs1057208-T,0.161311
35,rs2489835-T,0.0527053
36,rs2090034-A,0.0281046
37,rs62433138-C,0.0302602
38,rs2519093-T,0.037962
39,rs10773112-C,0.032035
40,rs635634-T,0.0556414
41,rs613808-A,0.0704036
42,rs77960347-G,0.190067
43,rs58952297-T,0.175018
44,rs267734-C,0.0451154
45,rs1260326-T,0.0883888
46,rs13108218-A,0.0366417
47,rs9270000-A,0.0352573
48,rs17489373-A,0.0551874
49,rs12976395-G,0.0340898
50,rs2618566-G,0.0344923
51,rs2281298-A,0.0396576
52,rs7578326-G,0.031007
53,rs13358429-A,0.0345471
54,rs146534110-T,0.123412
55,rs117733303-G,0.257062
56,rs10455872-G,0.216304
57,rs73596816-A,0.109822
58,rs3812316-G,0.0805706
59,rs325-C,0.0615167
60,rs2519093-T,0.0846791
61,rs10822163-G,0.0302045
62,rs7134638-A,0.0512299
63,rs28929474-T,0.112967
64,rs261265-A,0.0312334
65,rs1532085-A,0.116471
66,rs1077835-G,0.140097
67,rs75911530-A,0.106273
68,rs1801689-C,0.15432
69,rs77542162-G,0.177671
70,rs934197-A,0.0595498
71,rs2156552-A,0.0497163
72,rs116843064-A,0.196701
73,rs41289512-G,0.13555
74,rs1128249-T,0.0327346
75,rs895893-C,0.0407234
76,rs117733303-G,0.146142
77,rs10455872-G,0.11048
78,rs4722551-C,0.0424399
79,rs17145750-T,0.070455
80,rs79236614-G,0.158031
81,rs1560390-C,0.0683578
82,rs56156922-C,0.0649063
83,rs1168041-T,0.0883123
84,rs4665710-A,0.0518926
85,rs11206517-G,0.0892041
86,rs4665972-T,0.0462887
87,rs4299376-G,0.0470762
88,rs12916-C,0.0561745
89,rs11755689-G,0.041603
90,rs6938647-A,0.0353692
91,rs115478735-T,0.0582009
92,rs3794695-T,0.0489014
93,rs9894905-T,0.0316169
94,rs77542162-G,0.102381
95,rs41289512-G,0.114708
96,rs117310449-T,0.196608
97,rs6073958-C,0.0631984
98,rs11206517-G,0.0860871
99,rs4665972-T,0.0563365
100,rs4299376-G,0.0435007
101,rs59950280-A,0.0319249
102,rs12916-C,0.0514635
103,rs11755689-G,0.0413894
104,rs115478735-T,0.0630905
105,rs964184-G,0.0753511
106,rs4307732-A,0.0585404
107,rs11621792-T,0.0298043
108,rs964184-G,0.0693141
109,rs4307732-A,0.058864
110,rs34042070-G,0.0494379
111,rs56325564-A,0.0324122
112,rs77542162-G,0.118256
113,rs147711004-A,0.145762
114,rs118170342-C,0.1389
115,rs1883711-C,0.109238
116,rs4810479-C,0.0386244
117,rs11206517-G,0.0897947
118,rs780094-T,0.0339659
119,rs4299376-G,0.0483564
120,rs11749783-C,0.0559024
121,rs140145058-G,0.0426639
122,rs115478735-T,0.0640986
123,rs525028-G,0.0337801
124,rs4307732-A,0.0545686
125,rs261290-T,0.041297
126,rs633695-G,0.0352169
127,rs3794695-T,0.043787
128,rs56325564-A,0.031111
129,rs77542162-G,0.126923
130,rs147711004-A,0.14624
131,rs118170342-C,0.126178
132,rs1883711-C,0.0975364
133,rs11206517-G,0.0945261
134,rs4299376-G,0.0496274
135,rs12916-C,0.0608777
136,rs72848251-A,0.0520971
137,rs115478735-T,0.0654814
138,rs964184-G,0.0570841
139,rs12804228-G,0.0582918
140,rs261290-T,0.0437803
141,rs633695-G,0.0323232
142,rs34042070-G,0.0474179
143,rs56325564-A,0.0308242
144,rs77542162-G,0.155953
145,rs11671606-T,0.0300864
146,rs147711004-A,0.102932
147,rs117310449-T,0.205016
148,rs1883711-C,0.121348
149,rs75911530-A,0.0859624
150,rs1801689-C,0.113618
151,rs77542162-G,0.200474
152,rs41289512-G,0.123147
153,rs2618566-G,0.0344977
154,rs4299376-G,0.0371886
155,rs10195252-C,0.0305572
156,rs147711004-A,0.127856
157,rs118170342-C,0.0820212
158,rs2943654-C,0.0338394
159,rs7703282-C,0.0414501
160,rs1155207-G,0.0302165
161,rs17145750-T,0.04884
162,rs117026536-T,0.1087
163,rs7024300-T,0.0990491
164,rs10769255-T,0.0423933
165,rs11644601-C,0.0327618
166,rs1529929-A,0.0286289
167,rs3764261-A,0.100832
168,rs11206517-G,0.0795066
169,rs7534572-C,0.0430613
170,rs4299376-G,0.0387669
171,rs7578326-G,0.0352011
172,rs13358429-A,0.04703
173,rs9259970-A,0.0396882
174,rs117733303-G,0.167553
175,rs10455872-G,0.139987
176,rs4722551-C,0.046182
177,rs13234131-G,0.127977
178,rs117199990-T,0.145663
179,rs115478735-T,0.0756715
180,rs10822145-T,0.0421061
181,rs12419237-C,0.0352088
182,rs11075253-A,0.0343297
183,rs1801689-C,0.132897
184,rs77542162-G,0.147016
185,rs147711004-A,0.0864829
186,rs2618566-G,0.0344957
187,rs1128249-T,0.0385233
188,rs13423088-A,0.0421594
189,rs117733303-G,0.306262
190,rs10455872-G,0.225483
191,rs73596816-A,0.109502
192,rs4722551-C,0.0436756
193,rs13234131-G,0.111607
194,rs325-C,0.134738
195,rs2519093-T,0.0635767
196,rs7896518-G,0.0362299
197,rs12419237-C,0.032451
198,rs1601935-G,0.0477847
199,rs1800588-T,0.0608781
200,rs7534572-C,0.0407654
201,rs115478735-T,0.0623873
202,rs964184-G,0.130052
203,rs12804228-G,0.0617085
204,rs261290-T,0.0775516
205,rs633695-G,0.055688
206,rs3794695-T,0.0486142
207,rs77542162-G,0.129929
208,rs112019714-C,0.143561
209,rs1883711-C,0.136207
210,rs4810479-C,0.0336245
211,rs10864726-C,0.0306954
212,rs1318004-C,0.0339484
213,rs4665972-T,0.0568262
214,rs4299376-G,0.0414134
215,rs1471251-T,0.0305752
216,rs12916-C,0.0511001
217,rs11755689-G,0.0524236
218,rs146203232-T,0.0710176
219,rs144503444-C,0.122091
220,rs4307732-A,0.0484013
221,rs1169294-A,0.0344796
222,rs261290-T,0.0701549
223,rs633695-G,0.0534956
224,rs11644601-C,0.0316755
225,rs12452315-C,0.028496
226,rs77542162-G,0.158039
227,rs77960347-G,0.157463
228,rs147711004-A,0.123033
229,rs118170342-C,0.115558
230,rs1883711-C,0.0955253
231,rs11206517-G,0.0888247
232,rs4299376-G,0.0461548
233,rs3843480-C,0.0561109
