,riskAllele,pValue,riskFrequency,orValue,beta,ci,mappedGenes,accessionId,locations
0,rs660240-T,2e-12,0.215342,-,0.0407522 unit decrease,[0.029-0.052],CELSR2,GCST90269677,1:109275216
1,rs668948-G,5e-22,0.179767,-,0.0596676 unit decrease,[0.048-0.072],"TDRD15,APOB",GCST90269677,2:21068657
2,rs146534110-T,6e-13,0.0134888,-,0.148371 unit increase,[0.11-0.19],SLC22A1,GCST90269677,6:160157037
3,rs117733303-G,1e-80,0.0178411,-,0.341533 unit increase,[0.31-0.38],LPAL2,GCST90269677,6:160501838
4,rs118039278-A,1e-200,0.078451,-,0.276321 unit increase,[0.26-0.29],LPA,GCST90269677,6:160564494
5,rs73596816-A,9e-26,0.0331501,-,0.13941 unit increase,[0.11-0.17],LPA,GCST90269677,6:160596331
6,rs115478735-T,2e-19,0.183899,-,0.0555015 unit increase,[0.043-0.068],ABO,GCST90269677,9:133274295
7,rs1532085-A,7.999999999999999e-91,0.384943,-,0.0984173 unit increase,[0.089-0.108],ALDH1A2,GCST90269677,15:58391167
8,rs1077835-G,2.0000000000000002e-82,0.218626,-,0.110598 unit increase,[0.099-0.122],"ALDH1A2,LIPC",GCST90269677,15:58431227
9,rs821840-G,2e-64,0.324538,-,0.0858703 unit decrease,[0.076-0.096],"HERPUD1,CETP",GCST90269677,16:56959974
10,rs1801689-C,6e-27,0.0301105,-,0.149312 unit increase,[0.12-0.18],APOH,GCST90269677,17:66214462
11,rs1065853-T,2e-16,0.0807195,-,0.0719176 unit decrease,[0.055-0.089],"APOC1,APOE",GCST90269677,19:44909976
12,rs73307905-C,4e-21,0.186876,-,0.0573325 unit increase,[0.045-0.069],"PCIF1,PLTP",GCST90269677,20:45917134
13,rs738408-T,4e-17,0.216181,-,0.0484654 unit increase,[0.037-0.06],PNPLA3,GCST90269677,22:43928850
14,rs2070895-A,1e-68,0.219229,-,0.100215 unit decrease,[0.089-0.111],"ALDH1A2,LIPC",GCST90269722,15:58431740
15,rs12446515-T,1.0000000000000001e-81,0.323364,-,0.0971008 unit decrease,[0.087-0.107],"HERPUD1,CETP",GCST90269722,16:56953103
16,rs77960347-G,6e-13,0.0131497,-,0.149067 unit increase,[0.11-0.19],LIPG,GCST90269722,18:49583585
17,rs4939883-T,2e-12,0.180932,-,0.0433111 unit decrease,[0.031-0.055],"SMUG1P1,LIPG",GCST90269722,18:49640844
18,rs55997232-T,2.0000000000000002e-24,0.118461,-,0.0747034 unit decrease,[0.06-0.089],SMARCA4,GCST90269722,19:11077441
19,rs58542926-T,8e-16,0.0746244,-,0.0725835 unit decrease,[0.055-0.09],TM6SF2,GCST90269722,19:19268740
20,rs1065853-T,7e-51,0.0801877,-,0.131115 unit decrease,[0.11-0.15],"APOC1,APOE",GCST90269722,19:44909976
21,rs416867-A,5e-10,0.223189,-,0.0355194 unit increase,[0.024-0.047],"LILRA5,MIR4752",GCST90269722,19:54292777
22,rs6065908-T,4e-43,0.185594,-,0.0838577 unit increase,[0.072-0.096],PCIF1,GCST90269722,20:45941291
23,rs11591147-T,5e-19,0.0173273,-,0.161655 unit decrease,[0.13-0.2],PCSK9,GCST90269722,1:55039974
24,rs1367117-A,2e-10,0.335513,-,0.0320383 unit increase,[0.022-0.042],APOB,GCST90269722,2:21041028
25,rs4245791-C,4e-11,0.325318,-,0.0335303 unit increase,[0.024-0.043],ABCG8,GCST90269722,2:43847292
26,rs13354746-T,5e-14,0.223137,-,0.042748 unit increase,[0.032-0.054],"HMGCR,ANKRD31",GCST90269722,5:75323307
27,rs1461729-A,2e-14,0.100032,-,0.0647248 unit decrease,[0.048-0.081],PPP1R3B-DT,GCST90269722,8:9329732
28,rs1441754-A,5e-14,0.263738,-,0.0405419 unit increase,[0.03-0.051],"RPL30P9,LPL",GCST90269722,8:20011428
29,rs115478735-T,7e-36,0.184202,-,0.0767194 unit increase,[0.065-0.089],ABO,GCST90269722,9:133274295
30,rs76970536-A,7e-11,0.0714348,-,0.059934 unit increase,[0.042-0.078],ST3GAL4,GCST90269722,11:126380785
31,rs61983884-C,1e-10,0.357985,-,0.0323641 unit increase,[0.022-0.042],IGHG1,GCST90269722,14:105737956
32,rs139974673-C,1e-12,0.0257288,-,0.106524 unit decrease,[0.077-0.136],CATSPER2P1,GCST90269722,15:43735687
33,rs2043082-A,3e-46,0.355636,-,0.0706601 unit decrease,[0.061-0.08],ALDH1A2,GCST90269722,15:58382109
34,rs964184-G,5.0000000000000004e-29,0.132171,-,0.0780055 unit decrease,[0.064-0.092],ZPR1,GCST90269717,11:116778201
35,rs45617141-G,4e-14,0.0161371,-,0.150418 unit decrease,[0.11-0.19],ADAL,GCST90269717,15:43331199
36,rs2043085-T,5.0000000000000004e-77,0.386974,-,0.0899152 unit decrease,[0.08-0.099],ALDH1A2,GCST90269717,15:58388755
37,rs2070895-A,4e-100,0.219229,-,0.121244 unit decrease,[0.11-0.13],"ALDH1A2,LIPC",GCST90269717,15:58431740
38,rs11645958-T,1e-11,0.276687,-,0.0400846 unit increase,[0.029-0.052],PDXDC1,GCST90269717,16:15010950
39,rs77960347-G,2e-10,0.0131497,-,0.131964 unit increase,[0.091-0.172],LIPG,GCST90269717,18:49583585
40,rs4939883-T,2e-11,0.180932,-,0.0411029 unit decrease,[0.029-0.053],"SMUG1P1,LIPG",GCST90269717,18:49640844
41,rs55997232-T,5e-21,0.118461,-,0.0686069 unit decrease,[0.054-0.083],SMARCA4,GCST90269717,19:11077441
42,rs1065853-T,3.0000000000000003e-181,0.0801877,-,0.250057 unit decrease,[0.23-0.27],"APOC1,APOE",GCST90269717,19:44909976
43,rs103294-T,6e-12,0.223052,-,0.0391582 unit increase,[0.028-0.05],"MIR4752,LILRA5",GCST90269717,19:54293995
44,rs4814176-T,3e-10,0.391638,-,0.0306662 unit decrease,[0.021-0.04],LINC01723,GCST90269717,20:12978750
45,rs6073958-C,3e-18,0.198034,-,0.051838 unit decrease,[0.04-0.063],"PLTP,PCIF1",GCST90269717,20:45923216
46,rs11591147-T,3e-15,0.0173273,-,0.14305 unit decrease,[0.11-0.18],PCSK9,GCST90269717,1:55039974
47,rs4846917-T,7e-11,0.204979,-,0.0382456 unit decrease,[0.027-0.05],GALNT2,GCST90269717,1:230163476
48,rs588245-A,6e-16,0.492612,-,0.0383564 unit increase,[0.029-0.048],"TDRD15,APOB",GCST90269717,2:21047185
49,rs1820164-C,3e-15,0.402244,-,0.0381931 unit increase,[0.029-0.048],"ANKRD31,HMGCR",GCST90269717,5:75318089
50,rs9987289-A,2e-14,0.0901969,-,0.0673082 unit decrease,[0.05-0.084],PPP1R3B-DT,GCST90269717,8:9325848
51,rs15285-T,4e-18,0.287182,-,0.0454575 unit increase,[0.035-0.056],LPL,GCST90269717,8:19967156
52,rs2519093-T,7e-17,0.184584,-,0.0511255 unit increase,[0.039-0.063],ABO,GCST90269717,9:133266456
53,rs102275-C,6e-98,0.348425,-,0.103862 unit decrease,[0.094-0.114],TMEM258,GCST90269717,11:61790331
54,rs1318175-T,6e-139,0.159267,-,0.154405 unit increase,[0.14-0.17],ALDH1A2,GCST90269727,15:58293930
55,rs12898210-G,1e-37,0.121155,-,0.0891786 unit increase,[0.076-0.103],ALDH1A2,GCST90269727,15:58347511
56,rs1601933-T,1e-200,0.466715,-,0.163646 unit increase,[0.15-0.17],ALDH1A2,GCST90269727,15:58379360
57,rs11632618-A,3e-101,0.0705493,-,0.18721 unit decrease,[0.17-0.2],"LIPC,ALDH1A2",GCST90269727,15:58432507
58,rs80236739-G,2e-14,0.049611,-,0.0797094 unit increase,[0.059-0.1],ADAM10,GCST90269727,15:58680500
59,rs3764261-A,6e-64,0.324385,-,0.0811542 unit decrease,[0.072-0.091],"HERPUD1,CETP",GCST90269727,16:56959412
60,rs55714927-T,3e-14,0.190466,-,0.0435472 unit decrease,[0.032-0.055],ASGR1,GCST90269727,17:7176997
61,rs77960347-G,8.000000000000001e-24,0.013153,-,0.198114 unit decrease,[0.16-0.24],LIPG,GCST90269727,18:49583585
62,rs7241918-G,2e-18,0.177511,-,0.0518454 unit increase,[0.04-0.063],"LIPG,SMUG1P1",GCST90269727,18:49634583
63,rs8101801-A,1e-10,0.0351811,-,0.0787193 unit increase,[0.055-0.103],DOCK6,GCST90269727,19:11224801
64,rs144439590-T,1e-12,0.0308462,-,0.0945263 unit decrease,[0.068-0.121],CEACAM22P,GCST90269727,19:44537330
65,rs7412-T,1e-200,0.0802088,-,0.308771 unit decrease,[0.29-0.32],APOE,GCST90269727,19:44908822
66,rs12976395-G,3.0000000000000003e-31,0.495874,-,0.0562784 unit increase,[0.047-0.066],"APOC1P1,APOC4",GCST90269727,19:44938650
67,rs1057208-T,3e-171,0.185734,-,0.161311 unit increase,[0.15-0.17],"PCIF1,PLTP",GCST90269727,20:45934368
68,rs2489835-T,7.000000000000001e-29,0.351725,-,0.0527053 unit increase,[0.043-0.062],DOCK7,GCST90269727,1:62489300
69,rs602633-T,5e-19,0.216398,-,0.0486341 unit decrease,[0.038-0.059],"CELSR2,PSRC1",GCST90269727,1:109278889
70,rs5082-G,7e-14,0.379744,-,0.0348518 unit decrease,[0.026-0.044],"APOA2,TOMM40L",GCST90269727,1:161223893
71,rs2090034-A,5e-10,0.463364,-,0.0281046 unit increase,[0.019-0.037],"RN7SL140P,RPS16P2",GCST90269727,2:20172648
72,rs62433138-C,3e-11,0.429126,-,0.0302602 unit increase,[0.021-0.039],C7orf50,GCST90269727,7:1011241
73,rs12534274-A,6e-10,0.265927,-,0.0317642 unit decrease,[0.022-0.042],PON2,GCST90269727,7:95428198
74,rs2519093-T,8e-11,0.184613,-,0.037962 unit increase,[0.027-0.049],ABO,GCST90269727,9:133266456
75,rs3741298-C,1.0000000000000001e-24,0.189114,-,0.058902 unit decrease,[0.048-0.07],ZPR1,GCST90269727,11:116786845
76,rs9738226-A,2e-15,0.379212,-,0.0369599 unit decrease,[0.028-0.046],HNF1A,GCST90269727,12:120985856
77,rs10773112-C,2e-10,0.278976,-,0.032035 unit increase,[0.022-0.042],SCARB1,GCST90269727,12:124853983
78,rs635634-T,1e-19,0.184486,-,0.0556414 unit increase,[0.044-0.068],"Y_RNA,ABO",GCST90269672,9:133279427
79,rs56776911-A,8e-10,0.448282,-,0.0291517 unit decrease,[0.02-0.038],"SBF2,ADM-DT",GCST90269672,11:10299801
80,rs600518-T,3e-17,0.15728,-,0.0548694 unit decrease,[0.042-0.068],"RN7SL786P,DGAT2-DT",GCST90269672,11:75744328
81,rs613808-A,6e-41,0.283505,-,0.0704036 unit increase,[0.06-0.081],APOA1-AS,GCST90269672,11:116840252
82,rs174418-T,3.9999999999999997e-32,0.40326,-,0.0569139 unit decrease,[0.047-0.066],ALDH1A2,GCST90269672,15:58395404
83,rs2070895-A,2.9999999999999995e-54,0.219229,-,0.0883836 unit decrease,[0.077-0.1],"ALDH1A2,LIPC",GCST90269672,15:58431740
84,rs7499892-T,7e-26,0.178848,-,0.0647925 unit decrease,[0.053-0.077],CETP,GCST90269672,16:56972678
85,rs55714927-T,3e-18,0.19047,-,0.0523447 unit decrease,[0.041-0.064],ASGR1,GCST90269672,17:7176997
86,rs72836561-T,2e-10,0.0319091,-,0.0849652 unit decrease,[0.059-0.111],CD300LG,GCST90269672,17:43848758
87,rs77960347-G,3e-20,0.0131497,-,0.190067 unit increase,[0.15-0.23],LIPG,GCST90269672,18:49583585
88,rs4939883-T,2.0000000000000002e-24,0.180932,-,0.0623775 unit decrease,[0.05-0.074],"SMUG1P1,LIPG",GCST90269672,18:49640844
89,rs58542926-T,1e-16,0.0746244,-,0.0743357 unit decrease,[0.057-0.092],TM6SF2,GCST90269672,19:19268740
90,rs1065853-T,1e-17,0.0801877,-,0.0744596 unit decrease,[0.057-0.092],"APOC1,APOE",GCST90269672,19:44909976
91,rs58952297-T,3.9999999999999997e-184,0.185798,-,0.175018 unit increase,[0.16-0.19],"PCIF1,PLTP",GCST90269672,20:45932181
92,rs10889335-G,2e-15,0.354831,-,0.0394088 unit decrease,[0.03-0.049],DOCK7,GCST90269672,1:62494430
93,rs36209093-C,1e-11,0.325661,-,0.0379538 unit decrease,[0.027-0.049],GSTM2,GCST90269672,1:109687165
94,rs267734-C,3e-15,0.216316,-,0.0451154 unit increase,[0.034-0.056],"CERS2,ANXA9",GCST90269672,1:150979001
95,rs4656292-A,7.999999999999999e-25,0.380676,-,0.0500495 unit decrease,[0.041-0.06],"TOMM40L,APOA2",GCST90269672,1:161224851
96,rs1260326-T,4.0000000000000003e-75,0.395906,-,0.0883888 unit increase,[0.079-0.098],GCKR,GCST90269672,2:27508073
97,rs13108218-A,6e-14,0.384505,-,0.0366417 unit increase,[0.027-0.046],HGFAC,GCST90269672,4:3442204
98,rs9270000-A,5e-10,0.430038,-,0.0352573 unit increase,[0.024-0.046],HLA-DRB1,GCST90269672,6:32584963
99,rs34594435-T,1e-12,0.197174,-,0.0422237 unit decrease,[0.031-0.054],"TBL2,BCL7B",GCST90269672,7:73562919
100,rs4841132-A,4e-37,0.0900893,-,0.111474 unit decrease,[0.094-0.129],PPP1R3B-DT,GCST90269672,8:9326086
101,rs17489373-A,5e-25,0.265841,-,0.0551874 unit increase,[0.045-0.066],"RPL30P9,LPL",GCST90269672,8:19997833
102,rs112875651-A,1e-15,0.392278,-,0.0391315 unit decrease,[0.03-0.049],TRIB1AL,GCST90269672,8:125494452
103,rs12976395-G,8e-12,0.495823,-,0.0340898 unit increase,[0.024-0.044],"APOC1P1,APOC4",GCST90269687,19:44938650
104,rs2618566-G,2e-12,0.339817,-,0.0344923 unit increase,[0.025-0.044],"RNU6-192P,BANF2",GCST90269687,20:17864040
105,rs2281298-A,7e-11,0.176756,-,0.0396576 unit increase,[0.028-0.052],SAMM50,GCST90269687,22:43995354
106,rs7578326-G,3e-10,0.340451,-,0.031007 unit increase,[0.021-0.041],"NYAP2,MIR5702",GCST90269687,2:226155937
107,rs13358429-A,2e-12,0.340996,-,0.0345471 unit increase,[0.025-0.044],"HMGCR,ANKRD31",GCST90269687,5:75322361
108,rs3129774-T,7e-14,0.441751,-,0.0370589 unit decrease,[0.027-0.047],HLA-DQA1,GCST90269687,6:32636048
109,rs146534110-T,7e-10,0.0136547,-,0.123412 unit increase,[0.084-0.163],SLC22A1,GCST90269687,6:160157037
110,rs117733303-G,3.9999999999999996e-50,0.0184441,-,0.257062 unit increase,[0.22-0.29],LPAL2,GCST90269687,6:160501838
111,rs10455872-G,9e-141,0.0797432,-,0.216304 unit increase,[0.2-0.23],LPA,GCST90269687,6:160589086
112,rs73596816-A,2e-17,0.0334518,-,0.109822 unit increase,[0.084-0.135],LPA,GCST90269687,6:160596331
113,rs9769088-C,2e-13,0.390971,-,0.0351382 unit decrease,[0.026-0.045],"C7orf50,CYP2W1",GCST90269687,7:989949
114,rs3812316-G,2e-31,0.129007,-,0.0805706 unit increase,[0.067-0.094],MLXIPL,GCST90269687,7:73606007
115,rs325-C,1e-15,0.101001,-,0.0615167 unit increase,[0.046-0.077],LPL,GCST90269687,8:19961817
116,rs2519093-T,4.0000000000000006e-45,0.184573,-,0.0846791 unit increase,[0.073-0.096],ABO,GCST90269687,9:133266456
117,rs10822163-G,8e-11,0.475396,-,0.0302045 unit increase,[0.021-0.039],JMJD1C,GCST90269687,10:63364338
118,rs174537-T,3e-14,0.342304,-,0.0371136 unit decrease,[0.028-0.047],"MYRF,TMEM258",GCST90269687,11:61785208
119,rs964184-G,1.0000000000000001e-28,0.132171,-,0.0760474 unit decrease,[0.063-0.089],ZPR1,GCST90269687,11:116778201
120,rs7134638-A,2e-10,0.0922218,-,0.0512299 unit increase,[0.036-0.067],TMEM116,GCST90269687,12:111995607
121,rs28929474-T,7e-12,0.02025,-,0.112967 unit increase,[0.081-0.145],SERPINA1,GCST90269687,14:94378610
122,rs261265-A,2e-11,0.453403,-,0.0312334 unit increase,[0.022-0.04],ALDH1A2,GCST90269687,15:58310101
123,rs1532085-A,1e-132,0.386012,-,0.116471 unit increase,[0.11-0.13],ALDH1A2,GCST90269687,15:58391167
124,rs1077835-G,5e-138,0.220248,-,0.140097 unit increase,[0.13-0.15],"ALDH1A2,LIPC",GCST90269687,15:58431227
125,rs12446515-T,1e-200,0.323365,-,0.150423 unit decrease,[0.14-0.16],"HERPUD1,CETP",GCST90269687,16:56953103
126,rs75911530-A,7e-15,0.032963,-,0.106273 unit increase,[0.079-0.133],NLRC5,GCST90269687,16:57015225
127,rs1801689-C,3e-30,0.0304514,-,0.15432 unit increase,[0.13-0.18],APOH,GCST90269687,17:66214462
128,rs77542162-G,6.999999999999999e-30,0.0225258,-,0.177671 unit increase,[0.15-0.21],ABCA6,GCST90269687,17:69085137
129,rs12151108-A,1e-44,0.118838,-,0.100222 unit decrease,[0.086-0.114],"SMARCA4,LDLR",GCST90269687,19:11086585
130,rs1065853-T,1e-109,0.080178,-,0.190448 unit decrease,[0.17-0.21],"APOC1,APOE",GCST90269687,19:44909976
131,rs11591147-T,9e-42,0.0173288,-,0.240473 unit decrease,[0.21-0.28],PCSK9,GCST90269687,1:55039974
132,rs602633-T,2e-21,0.216404,-,0.0536217 unit decrease,[0.043-0.065],"CELSR2,PSRC1",GCST90269687,1:109278889
133,rs934197-A,7.0000000000000006e-34,0.335793,-,0.0595498 unit increase,[0.05-0.069],"APOB,TDRD15",GCST90269687,2:21044589
134,rs1260326-T,4.0000000000000003e-29,0.395914,-,0.0532038 unit decrease,[0.044-0.063],GCKR,GCST90269687,2:27508073
135,rs4614977-G,3e-10,0.0606318,-,0.0615361 unit decrease,[0.042-0.081],ABCG8,GCST90269687,2:43859885
136,rs77960347-G,2e-21,0.0131497,-,0.194144 unit decrease,[0.15-0.23],LIPG,GCST90269742,18:49583585
137,rs2156552-A,3e-16,0.178628,-,0.0497163 unit increase,[0.038-0.062],"SMUG1P1,ACAA2",GCST90269742,18:49655298
138,rs116843064-A,4.999999999999999e-32,0.0199312,-,0.196701 unit increase,[0.16-0.23],ANGPTL4,GCST90269742,19:8364439
139,rs118147862-A,1e-200,0.045747,-,0.347643 unit decrease,[0.33-0.37],BCAM,GCST90269742,19:44816374
140,rs41289512-G,4.999999999999999e-32,0.0425285,-,0.13555 unit increase,[0.11-0.16],NECTIN2,GCST90269742,19:44848259
141,rs111784051-G,3e-200,0.0299329,-,0.415677 unit decrease,[0.39-0.44],TOMM40,GCST90269742,19:44899005
142,rs1128249-T,8e-12,0.392232,-,0.0327346 unit increase,[0.023-0.042],COBLL1,GCST90269742,2:164672114
143,rs895893-C,2e-13,0.232132,-,0.0407234 unit increase,[0.03-0.052],"RPL31P23,PCCB",GCST90269742,3:136236762
144,rs2035403-G,4e-15,0.399349,-,0.0373871 unit decrease,[0.028-0.047],AFF1,GCST90269742,4:87097839
145,rs116009877-A,7e-12,0.0709487,-,0.0646105 unit decrease,[0.046-0.083],"H2AC1,SCGN",GCST90269742,6:25715429
146,rs117733303-G,4e-17,0.0184424,-,0.146142 unit increase,[0.11-0.18],LPAL2,GCST90269742,6:160501838
147,rs10455872-G,1e-37,0.0797473,-,0.11048 unit increase,[0.094-0.127],LPA,GCST90269742,6:160589086
148,rs12212146-C,1e-11,0.0739913,-,0.0620802 unit decrease,[0.044-0.08],PLG,GCST90269742,6:160704422
149,rs4722551-C,3e-11,0.158725,-,0.0424399 unit increase,[0.03-0.055],"NFE2L3,MIR148A",GCST90269742,7:25952206
150,rs17145750-T,1.0000000000000001e-28,0.161538,-,0.070455 unit increase,[0.058-0.083],MLXIPL,GCST90269742,7:73612048
151,rs76453951-T,2e-13,0.112249,-,0.0592083 unit decrease,[0.044-0.075],PPP1R3B-DT,GCST90269742,8:9333054
152,rs7460653-C,3e-12,0.144945,-,0.046106 unit decrease,[0.033-0.059],"NAT2,PSD3",GCST90269742,8:18409473
153,rs79236614-G,2.9999999999999998e-92,0.100161,-,0.158031 unit increase,[0.14-0.17],"LPL,RPL30P9",GCST90269742,8:20002949
154,rs2980888-T,1.0000000000000001e-39,0.300769,-,0.0672894 unit decrease,[0.057-0.077],TRIB1AL,GCST90269742,8:125495066
155,rs3860846-T,3e-11,0.2751,-,0.0350729 unit decrease,[0.025-0.045],"TRIB1AL,LINC02964",GCST90269742,8:125619443
156,rs174580-G,1e-18,0.350905,-,0.043158 unit decrease,[0.034-0.053],FADS2,GCST90269742,11:61839170
157,rs964184-G,2e-139,0.132171,-,0.172982 unit decrease,[0.16-0.19],ZPR1,GCST90269742,11:116778201
158,rs633389-T,2e-10,0.0156932,-,0.120745 unit decrease,[0.083-0.158],"LNC-RHL1,APOA5",GCST90269742,11:116796621
159,rs141469619-G,1.0000000000000001e-24,0.0103041,-,0.250945 unit decrease,[0.2-0.3],"SIK3,APOA1-AS",GCST90269742,11:116843577
160,rs139974673-C,6e-27,0.0257288,-,0.158722 unit decrease,[0.13-0.19],CATSPER2P1,GCST90269742,15:43735687
161,rs1560390-C,2e-33,0.219533,-,0.0683578 unit increase,[0.057-0.079],ALDH1A2,GCST90269742,15:58288582
162,rs10468017-T,1e-200,0.295792,-,0.155543 unit decrease,[0.15-0.17],ALDH1A2,GCST90269742,15:58386313
163,rs488490-C,6e-122,0.148089,-,0.155917 unit decrease,[0.14-0.17],"LIPC,LIPC-AS1,ALDH1A2",GCST90269742,15:58445462
164,rs1037117-A,7e-13,0.255706,-,0.0386386 unit decrease,[0.028-0.049],"PCSK6,SNRPCP18",GCST90269742,15:101528455
165,rs56156922-C,2e-38,0.324416,-,0.0649063 unit increase,[0.055-0.075],"HERPUD1,CETP",GCST90269742,16:56953457
166,rs72836561-T,2e-10,0.0319091,-,0.0841888 unit decrease,[0.058-0.11],CD300LG,GCST90269742,17:43848758
167,rs1168041-T,8e-70,0.3439,-,0.0883123 unit increase,[0.079-0.098],DOCK7,GCST90269742,1:62494579
168,rs12740374-T,9e-37,0.22076,-,0.0711223 unit decrease,[0.06-0.082],CELSR2,GCST90269742,1:109274968
169,rs4665710-A,2e-19,0.20678,-,0.0518926 unit increase,[0.041-0.063],"APOB,LINC02850",GCST90269742,2:20998163
170,rs1260326-T,2e-33,0.395906,-,0.057605 unit decrease,[0.048-0.067],GCKR,GCST90269742,2:27508073
171,rs11591147-T,9e-63,0.0173273,-,0.303386 unit decrease,[0.27-0.34],PCSK9,GCST90269644,1:55039974
172,rs472495-G,3e-11,0.350283,-,0.0330927 unit decrease,[0.023-0.043],PCSK9,GCST90269644,1:55055640
173,rs11206517-G,2e-11,0.0329311,-,0.0892041 unit increase,[0.063-0.115],PCSK9,GCST90269644,1:55060755
174,rs12740374-T,3e-98,0.22076,-,0.119963 unit decrease,[0.11-0.13],CELSR2,GCST90269644,1:109274968
175,rs514230-A,2e-11,0.482395,-,0.0320228 unit decrease,[0.023-0.041],"LINC00184,LINC01132",GCST90269644,1:234722850
176,rs693-G,1e-69,0.478348,-,0.0838644 unit decrease,[0.075-0.093],APOB,GCST90269644,2:21009323
177,rs4665972-T,3e-21,0.395658,-,0.0462887 unit increase,[0.037-0.056],SNX17,GCST90269644,2:27375230
178,rs4299376-G,2e-20,0.323605,-,0.0470762 unit increase,[0.037-0.057],ABCG8,GCST90269644,2:43845437
179,rs12916-C,4e-31,0.400542,-,0.0561745 unit increase,[0.047-0.066],"CERT1,HMGCR",GCST90269644,5:75360714
180,rs6882345-G,3e-18,0.366164,-,0.042832 unit decrease,[0.033-0.052],"TIMD4,HAVCR1",GCST90269644,5:156970662
181,rs115740542-C,4e-12,0.0733021,-,0.06459 unit decrease,[0.046-0.083],H2BC4,GCST90269644,6:26123274
182,rs11755689-G,4e-15,0.337381,-,0.041603 unit increase,[0.031-0.052],"HLA-DQA1,HLA-DRB1",GCST90269644,6:32618599
183,rs8191852-G,1e-11,0.370827,-,0.0333862 unit decrease,[0.024-0.043],IGF2R,GCST90269644,6:160063289
184,rs6938647-A,1e-09,0.219242,-,0.0353692 unit increase,[0.024-0.047],LPA,GCST90269644,6:160565883
185,rs1461729-A,6e-11,0.100032,-,0.0554286 unit decrease,[0.039-0.072],PPP1R3B-DT,GCST90269644,8:9329732
186,rs112875651-A,2e-38,0.392278,-,0.0639019 unit decrease,[0.054-0.074],TRIB1AL,GCST90269644,8:125494452
187,rs115478735-T,3e-21,0.184202,-,0.0582009 unit increase,[0.046-0.07],ABO,GCST90269644,9:133274295
188,rs174541-C,1e-12,0.356744,-,0.0351972 unit decrease,[0.026-0.045],FADS2,GCST90269644,11:61798436
189,rs3794695-T,7e-16,0.189061,-,0.0489014 unit increase,[0.037-0.061],HPR,GCST90269637,16:72063928
190,rs55714927-T,7e-14,0.19047,-,0.0451896 unit decrease,[0.033-0.057],ASGR1,GCST90269637,17:7176997
191,rs9894905-T,3e-11,0.489019,-,0.0316169 unit increase,[0.022-0.041],"EFCAB13,EFCAB13-DT",GCST90269637,17:47408616
192,rs77542162-G,2e-10,0.0225237,-,0.102381 unit increase,[0.071-0.134],ABCA6,GCST90269637,17:69085137
193,rs12151108-A,2.0000000000000002e-82,0.118827,-,0.140646 unit decrease,[0.13-0.15],"SMARCA4,LDLR",GCST90269637,19:11086585
194,rs58542926-T,1e-33,0.0746244,-,0.109156 unit decrease,[0.091-0.127],TM6SF2,GCST90269637,19:19268740
195,rs28550459-A,3e-12,0.0350768,-,0.0969844 unit decrease,[0.07-0.124],"CEACAM22P,CEACAM20",GCST90269637,19:44533796
196,rs118147862-A,1e-200,0.045747,-,0.399773 unit decrease,[0.38-0.42],BCAM,GCST90269637,19:44816374
197,rs41289512-G,1e-22,0.0425285,-,0.114708 unit increase,[0.092-0.138],NECTIN2,GCST90269637,19:44848259
198,rs117310449-T,3e-19,0.0120758,-,0.196608 unit increase,[0.15-0.24],"NECTIN2,TOMM40",GCST90269637,19:44890259
199,rs1160983-A,1e-200,0.030222,-,0.423747 unit decrease,[0.4-0.45],TOMM40,GCST90269637,19:44893972
200,rs6073958-C,3e-26,0.198034,-,0.0631984 unit increase,[0.052-0.075],"PLTP,PCIF1",GCST90269637,20:45923216
201,rs11591147-T,5e-52,0.0173273,-,0.275495 unit decrease,[0.24-0.31],PCSK9,GCST90269637,1:55039974
202,rs472495-G,7e-10,0.350283,-,0.0307021 unit decrease,[0.021-0.04],PCSK9,GCST90269637,1:55055640
203,rs11206517-G,9e-11,0.0329311,-,0.0860871 unit increase,[0.06-0.112],PCSK9,GCST90269637,1:55060755
204,rs7534572-C,6e-11,0.351569,-,0.0325712 unit decrease,[0.023-0.042],DOCK7,GCST90269637,1:62534004
205,rs12740374-T,2.9999999999999996e-84,0.22076,-,0.110941 unit decrease,[0.1-0.122],CELSR2,GCST90269637,1:109274968
206,rs514230-A,5e-11,0.482395,-,0.0312943 unit decrease,[0.022-0.041],"LINC00184,LINC01132",GCST90269637,1:234722850
207,rs693-G,6e-64,0.478348,-,0.0803383 unit decrease,[0.071-0.09],APOB,GCST90269637,2:21009323
208,rs4665972-T,9.999999999999999e-31,0.395658,-,0.0563365 unit increase,[0.047-0.066],SNX17,GCST90269637,2:27375230
209,rs4299376-G,1e-17,0.323605,-,0.0435007 unit increase,[0.034-0.053],ABCG8,GCST90269637,2:43845437
210,rs59950280-A,4e-10,0.331333,-,0.0319249 unit increase,[0.022-0.042],"DOK7,HGFAC",GCST90269637,4:3450618
211,rs12916-C,1.9999999999999998e-26,0.400542,-,0.0514635 unit increase,[0.042-0.061],"CERT1,HMGCR",GCST90269637,5:75360714
212,rs6882345-G,7e-15,0.366164,-,0.0382707 unit decrease,[0.029-0.048],"TIMD4,HAVCR1",GCST90269637,5:156970662
213,rs115740542-C,2e-11,0.0733021,-,0.0626577 unit decrease,[0.044-0.081],H2BC4,GCST90269637,6:26123274
214,rs11755689-G,6e-15,0.337381,-,0.0413894 unit increase,[0.031-0.052],"HLA-DQA1,HLA-DRB1",GCST90269637,6:32618599
215,rs2282141-T,1e-11,0.370627,-,0.0334672 unit decrease,[0.024-0.043],IGF2R,GCST90269637,6:160080675
216,rs1461729-A,3e-12,0.100032,-,0.0591634 unit decrease,[0.043-0.076],PPP1R3B-DT,GCST90269637,8:9329732
217,rs112875651-A,2e-43,0.392278,-,0.0681396 unit decrease,[0.058-0.078],TRIB1AL,GCST90269637,8:125494452
218,rs115478735-T,1.0000000000000001e-24,0.184202,-,0.0630905 unit increase,[0.051-0.075],ABO,GCST90269637,9:133274295
219,rs102275-C,3e-14,0.348425,-,0.0378299 unit decrease,[0.028-0.048],TMEM258,GCST90269637,11:61790331
220,rs964184-G,6e-27,0.132171,-,0.0753511 unit increase,[0.062-0.089],ZPR1,GCST90269637,11:116778201
221,rs4307732-A,3e-14,0.105573,-,0.0585404 unit increase,[0.043-0.074],ST3GAL4,GCST90269637,11:126375060
222,rs11621792-T,5e-10,0.454616,-,0.0298043 unit increase,[0.02-0.039],NYNRIN,GCST90269637,14:24402720
223,rs12446515-T,2e-15,0.323364,-,0.0405692 unit decrease,[0.031-0.051],"HERPUD1,CETP",GCST90269637,16:56953103
224,rs964184-G,4.0000000000000004e-23,0.132171,-,0.0693141 unit increase,[0.056-0.083],ZPR1,GCST90269644,11:116778201
225,rs4307732-A,2e-14,0.105573,-,0.058864 unit increase,[0.044-0.074],ST3GAL4,GCST90269644,11:126375060
226,rs12446515-T,2e-11,0.323364,-,0.0341656 unit decrease,[0.024-0.044],"HERPUD1,CETP",GCST90269644,16:56953103
227,rs34042070-G,6e-16,0.186913,-,0.0494379 unit increase,[0.037-0.061],HPR,GCST90269644,16:72067626
228,rs55714927-T,3e-12,0.19047,-,0.0422054 unit decrease,[0.03-0.054],ASGR1,GCST90269644,17:7176997
229,rs56325564-A,1e-11,0.482463,-,0.0324122 unit increase,[0.023-0.042],"KPNB1,TBKBP1",GCST90269644,17:47689405
230,rs77542162-G,1e-13,0.0225237,-,0.118256 unit increase,[0.087-0.15],ABCA6,GCST90269644,17:69085137
231,rs73013176-C,2e-11,0.0113018,-,0.152599 unit decrease,[0.11-0.2],SMARCA4,GCST90269644,19:11036850
232,rs12151108-A,6.999999999999999e-97,0.118827,-,0.152586 unit decrease,[0.14-0.17],"SMARCA4,LDLR",GCST90269644,19:11086585
233,rs58542926-T,6e-34,0.0746244,-,0.109697 unit decrease,[0.092-0.127],TM6SF2,GCST90269644,19:19268740
234,rs111278137-A,1e-11,0.0214643,-,0.115136 unit decrease,[0.082-0.148],CEACAM16-AS1,GCST90269644,19:44711810
235,rs62117160-A,1e-200,0.0456022,-,0.34301 unit decrease,[0.32-0.37],"BCL3,CEACAM16-AS1",GCST90269644,19:44728895
236,rs147711004-A,3e-29,0.036261,-,0.145762 unit increase,[0.12-0.17],"BCAM,NECTIN2",GCST90269644,19:44834661
237,rs7254892-A,1e-200,0.0314506,-,0.444508 unit decrease,[0.42-0.47],NECTIN2,GCST90269644,19:44886339
238,rs118170342-C,3.9999999999999996e-30,0.0409463,-,0.1389 unit increase,[0.12-0.16],TOMM40,GCST90269644,19:44898611
239,rs1883711-C,5e-15,0.0312824,-,0.109238 unit increase,[0.082-0.137],"LINC01370,MAFB",GCST90269644,20:40551182
240,rs4810479-C,2e-12,0.24895,-,0.0386244 unit increase,[0.028-0.049],"PCIF1,PLTP",GCST90269644,20:45916409
241,rs11591147-T,2e-68,0.0173273,-,0.313709 unit decrease,[0.28-0.35],PCSK9,GCST90269630,1:55039974
242,rs472495-G,4e-12,0.350283,-,0.0341382 unit decrease,[0.025-0.044],PCSK9,GCST90269630,1:55055640
243,rs11206517-G,8e-12,0.0329311,-,0.0897947 unit increase,[0.064-0.116],PCSK9,GCST90269630,1:55060755
244,rs12740374-T,2.9999999999999997e-91,0.22076,-,0.114191 unit decrease,[0.1-0.13],CELSR2,GCST90269630,1:109274968
245,rs514230-A,1e-12,0.482395,-,0.0334759 unit decrease,[0.024-0.043],"LINC00184,LINC01132",GCST90269630,1:234722850
246,rs562338-A,5.000000000000001e-72,0.179822,-,0.109432 unit decrease,[0.097-0.121],"APOB,TDRD15",GCST90269630,2:21065449
247,rs780094-T,2e-12,0.384862,-,0.0339659 unit increase,[0.025-0.043],GCKR,GCST90269630,2:27518370
248,rs4299376-G,7e-22,0.323605,-,0.0483564 unit increase,[0.039-0.058],ABCG8,GCST90269630,2:43845437
249,rs116734477-T,7e-10,0.0414913,-,0.0725861 unit decrease,[0.049-0.096],"PELO,ITGA1,PELO-AS1",GCST90269630,5:52799190
250,rs11749783-C,7.000000000000001e-31,0.375238,-,0.0559024 unit increase,[0.046-0.065],"ANKRD31,HMGCR",GCST90269630,5:75330257
251,rs6882345-G,2e-13,0.366164,-,0.0356704 unit decrease,[0.026-0.045],"TIMD4,HAVCR1",GCST90269630,5:156970662
252,rs7773004-A,4e-13,0.505338,-,0.0359897 unit decrease,[0.026-0.046],"H2BC9,H3C8",GCST90269630,6:26267527
253,rs140145058-G,1e-09,0.137294,-,0.0426639 unit increase,[0.029-0.056],HLA-DQA1,GCST90269630,6:32629658
254,rs8191852-G,6e-11,0.370827,-,0.0318317 unit decrease,[0.022-0.041],IGF2R,GCST90269630,6:160063289
255,rs1461729-A,2e-18,0.100032,-,0.0734482 unit decrease,[0.057-0.09],PPP1R3B-DT,GCST90269630,8:9329732
256,rs112875651-A,6e-25,0.392278,-,0.0502394 unit decrease,[0.041-0.06],TRIB1AL,GCST90269630,8:125494452
257,rs2740488-C,7e-12,0.265159,-,0.0365436 unit decrease,[0.026-0.047],ABCA1,GCST90269630,9:104899461
258,rs115478735-T,4.9999999999999996e-26,0.184202,-,0.0640986 unit increase,[0.052-0.076],ABO,GCST90269630,9:133274295
259,rs102275-C,5e-36,0.348425,-,0.0615184 unit decrease,[0.052-0.071],TMEM258,GCST90269630,11:61790331
260,rs525028-G,8e-11,0.29104,-,0.0337801 unit increase,[0.024-0.044],"APOC3,APOA1",GCST90269630,11:116834800
261,rs4307732-A,9e-13,0.105573,-,0.0545686 unit increase,[0.04-0.07],ST3GAL4,GCST90269630,11:126375060
262,rs261290-T,6e-17,0.345137,-,0.041297 unit increase,[0.032-0.051],ALDH1A2,GCST90269630,15:58386521
263,rs633695-G,1e-11,0.292296,-,0.0352169 unit increase,[0.025-0.045],"LIPC,ALDH1A2",GCST90269630,15:58433640
264,rs3794695-T,3e-13,0.189061,-,0.043787 unit increase,[0.032-0.056],HPR,GCST90269630,16:72063928
265,rs55714927-T,3e-10,0.19047,-,0.0375587 unit decrease,[0.026-0.049],ASGR1,GCST90269630,17:7176997
266,rs56325564-A,5e-11,0.482463,-,0.031111 unit increase,[0.022-0.04],"KPNB1,TBKBP1",GCST90269630,17:47689405
267,rs77542162-G,1e-15,0.0225237,-,0.126923 unit increase,[0.096-0.158],ABCA6,GCST90269630,17:69085137
268,rs73013176-C,1e-10,0.0113018,-,0.14453 unit decrease,[0.1-0.19],SMARCA4,GCST90269630,19:11036850
269,rs12151108-A,2e-94,0.118827,-,0.14898 unit decrease,[0.13-0.16],"SMARCA4,LDLR",GCST90269630,19:11086585
270,rs58542926-T,7e-26,0.0746244,-,0.0938924 unit decrease,[0.076-0.111],TM6SF2,GCST90269630,19:19268740
271,rs111278137-A,2e-12,0.0214643,-,0.118183 unit decrease,[0.085-0.151],CEACAM16-AS1,GCST90269630,19:44711810
272,rs62117160-A,1e-200,0.0456022,-,0.345039 unit decrease,[0.32-0.37],"BCL3,CEACAM16-AS1",GCST90269630,19:44728895
273,rs147711004-A,3.9999999999999996e-30,0.036261,-,0.14624 unit increase,[0.12-0.17],"BCAM,NECTIN2",GCST90269630,19:44834661
274,rs7254892-A,1e-200,0.0314506,-,0.461003 unit decrease,[0.43-0.49],NECTIN2,GCST90269630,19:44886339
275,rs118170342-C,9.999999999999999e-26,0.0409463,-,0.126178 unit increase,[0.1-0.15],TOMM40,GCST90269630,19:44898611
276,rs1883711-C,2e-12,0.0312824,-,0.0975364 unit increase,[0.071-0.125],"LINC01370,MAFB",GCST90269630,20:40551182
277,rs11591147-T,7e-72,0.0173273,-,0.32402 unit decrease,[0.29-0.36],PCSK9,GCST90269602,1:55039974
278,rs472495-G,6e-13,0.350283,-,0.0356724 unit decrease,[0.026-0.045],PCSK9,GCST90269602,1:55055640
279,rs11206517-G,9e-13,0.0329311,-,0.0945261 unit increase,[0.069-0.12],PCSK9,GCST90269602,1:55060755
280,rs7534572-C,3e-14,0.351569,-,0.0376209 unit decrease,[0.028-0.047],DOCK7,GCST90269602,1:62534004
281,rs12740374-T,2e-78,0.22076,-,0.106571 unit decrease,[0.095-0.118],CELSR2,GCST90269602,1:109274968
282,rs822928-A,1e-11,0.470729,-,0.0324831 unit decrease,[0.023-0.042],LINC01132,GCST90269602,1:234737528
283,rs693-G,4.0000000000000003e-88,0.478348,-,0.0941897 unit decrease,[0.085-0.103],APOB,GCST90269602,2:21009323
284,rs60403635-C,7e-11,0.0431111,-,0.0759523 unit decrease,[0.053-0.099],"APOB,TDRD15",GCST90269602,2:21049906
285,rs4299376-G,1e-22,0.323605,-,0.0496274 unit increase,[0.04-0.06],ABCG8,GCST90269602,2:43845437
286,rs12916-C,2e-36,0.400542,-,0.0608777 unit increase,[0.051-0.07],"CERT1,HMGCR",GCST90269602,5:75360714
287,rs6882345-G,2e-22,0.366164,-,0.0477626 unit decrease,[0.038-0.057],"TIMD4,HAVCR1",GCST90269602,5:156970662
288,rs72848251-A,3e-17,0.197389,-,0.0520971 unit increase,[0.04-0.064],HLA-DQA1,GCST90269602,6:32633511
289,rs3798167-T,3e-14,0.199346,-,0.0452061 unit decrease,[0.034-0.057],SLC22A1,GCST90269602,6:160146896
290,rs2737263-T,3e-10,0.281156,-,0.0332081 unit decrease,[0.023-0.044],TRPS1,GCST90269602,8:115655312
291,rs112875651-A,1.9999999999999998e-30,0.392278,-,0.056305 unit decrease,[0.047-0.066],TRIB1AL,GCST90269602,8:125494452
292,rs115478735-T,9.999999999999999e-27,0.184202,-,0.0654814 unit increase,[0.053-0.077],ABO,GCST90269602,9:133274295
293,rs102275-C,1e-21,0.348425,-,0.047334 unit decrease,[0.038-0.057],TMEM258,GCST90269602,11:61790331
294,rs964184-G,3e-16,0.132171,-,0.0570841 unit increase,[0.043-0.071],ZPR1,GCST90269602,11:116778201
295,rs12804228-G,1e-11,0.0842068,-,0.0582918 unit increase,[0.041-0.075],ST3GAL4,GCST90269602,11:126390789
296,rs261290-T,1e-18,0.345137,-,0.0437803 unit increase,[0.034-0.054],ALDH1A2,GCST90269602,15:58386521
297,rs633695-G,6e-10,0.292296,-,0.0323232 unit increase,[0.022-0.043],"LIPC,ALDH1A2",GCST90269602,15:58433640
298,rs821840-G,8.999999999999999e-36,0.324576,-,0.0630072 unit decrease,[0.053-0.073],"HERPUD1,CETP",GCST90269602,16:56959974
299,rs34042070-G,6e-15,0.186913,-,0.0474179 unit increase,[0.035-0.059],HPR,GCST90269602,16:72067626
300,rs56325564-A,1e-10,0.482463,-,0.0308242 unit increase,[0.021-0.04],"KPNB1,TBKBP1",GCST90269602,17:47689405
301,rs77542162-G,1e-22,0.0225237,-,0.155953 unit increase,[0.12-0.19],ABCA6,GCST90269602,17:69085137
302,rs72631343-G,4e-11,0.128525,-,0.0466252 unit decrease,[0.033-0.06],ABCA10,GCST90269602,17:69195129
303,rs73013176-C,7e-14,0.0113018,-,0.170205 unit decrease,[0.13-0.21],SMARCA4,GCST90269602,19:11036850
304,rs12151108-A,4e-111,0.118827,-,0.162959 unit decrease,[0.15-0.18],"SMARCA4,LDLR",GCST90269602,19:11086585
305,rs79915079-A,1e-09,0.0257577,-,0.0909309 unit decrease,[0.062-0.12],LDLR,GCST90269602,19:11118390
306,rs58542926-T,1.9999999999999998e-32,0.0746244,-,0.106845 unit decrease,[0.089-0.124],TM6SF2,GCST90269602,19:19268740
307,rs28550459-A,1e-10,0.0350768,-,0.0894624 unit decrease,[0.062-0.117],"CEACAM22P,CEACAM20",GCST90269602,19:44533796
308,rs11671606-T,5e-10,0.399009,-,0.0300864 unit increase,[0.021-0.04],"CEACAM16-AS1,IGSF23",GCST90269602,19:44627253
309,rs118147862-A,1e-200,0.045747,-,0.356533 unit decrease,[0.33-0.38],BCAM,GCST90269602,19:44816374
310,rs147711004-A,2e-15,0.036261,-,0.102932 unit increase,[0.078-0.128],"BCAM,NECTIN2",GCST90269602,19:44834661
311,rs117310449-T,5e-21,0.0120758,-,0.205016 unit increase,[0.16-0.25],"NECTIN2,TOMM40",GCST90269602,19:44890259
312,rs61679753-A,2e-151,0.0302406,-,0.361598 unit decrease,[0.33-0.39],TOMM40,GCST90269602,19:44897490
313,rs1883711-C,2e-18,0.0312824,-,0.121348 unit increase,[0.094-0.149],"LINC01370,MAFB",GCST90269602,20:40551182
314,rs139974673-C,3e-19,0.0257288,-,0.131325 unit decrease,[0.1-0.16],CATSPER2P1,GCST90269697,15:43735687
315,rs1037116-T,2e-10,0.213761,-,0.0360925 unit decrease,[0.025-0.047],"SNRPCP18,PCSK6",GCST90269697,15:101528701
316,rs183130-T,2e-117,0.324052,-,0.113754 unit decrease,[0.1-0.12],"HERPUD1,CETP",GCST90269697,16:56957451
317,rs75911530-A,3e-10,0.0329601,-,0.0859624 unit increase,[0.059-0.113],NLRC5,GCST90269697,16:57015225
318,rs2925979-T,2e-10,0.300445,-,0.0318896 unit decrease,[0.022-0.042],CMIP,GCST90269697,16:81501185
319,rs72836561-T,1e-21,0.0319091,-,0.125771 unit decrease,[0.1-0.152],CD300LG,GCST90269697,17:43848758
320,rs1801689-C,4e-17,0.0304487,-,0.113618 unit increase,[0.087-0.14],APOH,GCST90269697,17:66214462
321,rs77542162-G,9e-38,0.0225237,-,0.200474 unit increase,[0.17-0.23],ABCA6,GCST90269697,17:69085137
322,rs12151108-A,5e-80,0.118827,-,0.135131 unit decrease,[0.12-0.15],"SMARCA4,LDLR",GCST90269697,19:11086585
323,rs2569550-T,9e-13,0.40705,-,0.0337994 unit decrease,[0.025-0.043],LDLR,GCST90269697,19:11118069
324,rs118147862-A,1e-200,0.045747,-,0.381807 unit decrease,[0.36-0.4],BCAM,GCST90269697,19:44816374
325,rs41289512-G,4e-27,0.0425285,-,0.123147 unit increase,[0.1-0.15],NECTIN2,GCST90269697,19:44848259
326,rs1160983-A,1e-200,0.030222,-,0.416545 unit decrease,[0.39-0.44],TOMM40,GCST90269697,19:44893972
327,rs2618566-G,2e-12,0.339826,-,0.0344977 unit increase,[0.025-0.044],"RNU6-192P,BANF2",GCST90269697,20:17864040
328,rs3768321-T,5e-10,0.196384,-,0.0360795 unit decrease,[0.025-0.047],"PABPC4,PABPC4-AS1",GCST90269712,1:39570256
329,rs11591147-T,4.0000000000000003e-28,0.0173273,-,0.193519 unit decrease,[0.16-0.23],PCSK9,GCST90269712,1:55039974
330,rs12740374-T,9e-38,0.22076,-,0.0711314 unit decrease,[0.06-0.082],CELSR2,GCST90269712,1:109274968
331,rs35913552-A,3e-13,0.136459,-,0.0492405 unit decrease,[0.036-0.062],"TDRD15,APOB",GCST90269712,2:21050024
332,rs1260326-T,2e-17,0.395906,-,0.0401789 unit decrease,[0.031-0.049],GCKR,GCST90269712,2:27508073
333,rs4299376-G,5e-14,0.323605,-,0.0371886 unit increase,[0.028-0.047],ABCG8,GCST90269712,2:43845437
334,rs10195252-C,7e-11,0.405575,-,0.0305572 unit increase,[0.021-0.04],COBLL1,GCST90269712,2:164656581
335,rs118147862-A,1e-200,0.045747,-,0.399845 unit decrease,[0.38-0.42],BCAM,GCST90269712,19:44816374
336,rs147711004-A,3e-24,0.036261,-,0.127856 unit increase,[0.1-0.15],"BCAM,NECTIN2",GCST90269712,19:44834661
337,rs7254892-A,1e-200,0.0314506,-,0.422457 unit decrease,[0.4-0.45],NECTIN2,GCST90269712,19:44886339
338,rs118170342-C,4e-12,0.0409463,-,0.0820212 unit increase,[0.059-0.105],TOMM40,GCST90269712,19:44898611
339,rs116847251-A,4e-10,0.033861,-,0.0818978 unit decrease,[0.056-0.108],"FITM2,R3HDML",GCST90269712,20:44330128
340,rs6073958-C,4e-37,0.198034,-,0.0735795 unit decrease,[0.062-0.085],"PLTP,PCIF1",GCST90269712,20:45923216
341,rs2943654-C,2e-12,0.354472,-,0.0338394 unit increase,[0.024-0.043],"MIR5702,NYAP2",GCST90269712,2:226248038
342,rs60695258-T,3e-11,0.39907,-,0.0311805 unit decrease,[0.022-0.04],AFF1,GCST90269712,4:87101557
343,rs7703282-C,4e-18,0.370268,-,0.0414501 unit increase,[0.032-0.051],"ANKDD1B,POLK",GCST90269712,5:75611138
344,rs1155207-G,6e-10,0.487252,-,0.0302165 unit increase,[0.021-0.04],"H3C9P,BTN3A2",GCST90269712,6:26328137
345,rs9266834-A,1e-13,0.110784,-,0.0553719 unit decrease,[0.041-0.07],"MICA,LINC01149",GCST90269712,6:31415353
346,rs11751347-T,4e-16,0.102096,-,0.0623553 unit decrease,[0.047-0.077],"PLG,LPA",GCST90269712,6:160671406
347,rs17145750-T,6e-15,0.161538,-,0.04884 unit increase,[0.037-0.061],MLXIPL,GCST90269712,7:73612048
348,rs9987289-A,5e-25,0.0901969,-,0.0881974 unit decrease,[0.071-0.105],PPP1R3B-DT,GCST90269712,8:9325848
349,rs117026536-T,9e-46,0.100402,-,0.1087 unit increase,[0.094-0.124],LPL,GCST90269712,8:19961262
350,rs4871603-C,3e-25,0.344983,-,0.0504969 unit decrease,[0.041-0.06],TRIB1AL,GCST90269712,8:125468125
351,rs7024300-T,8e-13,0.0286261,-,0.0990491 unit increase,[0.072-0.126],ABCA1,GCST90269712,9:104827286
352,rs13284054-C,1e-13,0.125527,-,0.0524823 unit decrease,[0.039-0.066],ABCA1,GCST90269712,9:104906792
353,rs11030026-A,4e-10,0.163176,-,0.0390492 unit decrease,[0.027-0.051],LGR4-AS1,GCST90269712,11:27489283
354,rs10769255-T,3e-12,0.174907,-,0.0423933 unit increase,[0.03-0.054],MYBPC3,GCST90269712,11:47345820
355,rs174580-G,8e-62,0.350905,-,0.0798922 unit decrease,[0.07-0.089],FADS2,GCST90269712,11:61839170
356,rs964184-G,2e-38,0.132171,-,0.0879973 unit decrease,[0.075-0.101],ZPR1,GCST90269712,11:116778201
357,rs141469619-G,1e-12,0.0103041,-,0.17092 unit decrease,[0.12-0.22],"SIK3,APOA1-AS",GCST90269712,11:116843577
358,rs147233090-T,5e-22,0.0244311,-,0.144571 unit decrease,[0.12-0.17],CATSPER2P1,GCST90269712,15:43735849
359,rs1532085-A,6e-87,0.386011,-,0.093238 unit decrease,[0.084-0.102],ALDH1A2,GCST90269712,15:58391167
360,rs2070895-A,4e-59,0.219229,-,0.0902182 unit decrease,[0.079-0.101],"ALDH1A2,LIPC",GCST90269712,15:58431740
361,rs11644601-C,8e-11,0.297806,-,0.0327618 unit increase,[0.023-0.043],"PDXDC1,RRN3",GCST90269712,16:15078261
362,rs1529929-A,7e-10,0.432316,-,0.0286289 unit increase,[0.02-0.038],NUP93,GCST90269712,16:56815584
363,rs3764261-A,1e-93,0.324395,-,0.100832 unit increase,[0.091-0.11],"HERPUD1,CETP",GCST90269712,16:56959412
364,rs4986970-T,3e-11,0.0340432,-,0.0848328 unit decrease,[0.06-0.11],LCAT,GCST90269712,16:67942417
365,rs77265569-T,3e-32,0.113359,-,0.0865868 unit decrease,[0.072-0.101],"SMARCA4,LDLR",GCST90269712,19:11079805
366,rs11591147-T,3e-69,0.0173273,-,0.311596 unit decrease,[0.28-0.35],PCSK9,GCST90269697,1:55039974
367,rs693668-G,3e-11,0.350824,-,0.032193 unit decrease,[0.023-0.042],PCSK9,GCST90269697,1:55055436
368,rs11206517-G,9e-10,0.0329311,-,0.0795066 unit increase,[0.054-0.105],PCSK9,GCST90269697,1:55060755
369,rs7534572-C,7e-19,0.351569,-,0.0430613 unit increase,[0.034-0.053],DOCK7,GCST90269697,1:62534004
370,rs12740374-T,5e-48,0.22076,-,0.0810868 unit decrease,[0.07-0.092],CELSR2,GCST90269697,1:109274968
371,rs10221768-A,1.9999999999999998e-30,0.13831,-,0.0769757 unit decrease,[0.064-0.09],"NUTF2P8,TDRD15",GCST90269697,2:21194559
372,rs1260326-T,2e-48,0.395906,-,0.069315 unit decrease,[0.06-0.079],GCKR,GCST90269697,2:27508073
373,rs4299376-G,6e-15,0.323605,-,0.0387669 unit increase,[0.029-0.048],ABCG8,GCST90269697,2:43845437
374,rs7578326-G,6e-13,0.340443,-,0.0352011 unit increase,[0.026-0.045],"NYAP2,MIR5702",GCST90269697,2:226155937
375,rs13358429-A,5e-22,0.341005,-,0.04703 unit increase,[0.037-0.057],"HMGCR,ANKRD31",GCST90269697,5:75322361
376,rs9259970-A,5e-12,0.27728,-,0.0396882 unit increase,[0.028-0.051],POLR1HASP,GCST90269697,6:29936214
377,rs3129774-T,3e-14,0.441748,-,0.0375441 unit decrease,[0.028-0.047],HLA-DQA1,GCST90269697,6:32636048
378,rs117733303-G,2e-22,0.0184424,-,0.167553 unit increase,[0.13-0.2],LPAL2,GCST90269697,6:160501838
379,rs10455872-G,3e-60,0.0797473,-,0.139987 unit increase,[0.12-0.16],LPA,GCST90269697,6:160589086
380,rs4722551-C,3e-13,0.158725,-,0.046182 unit increase,[0.034-0.059],"NFE2L3,MIR148A",GCST90269697,7:25952206
381,rs13234131-G,4e-77,0.129145,-,0.127977 unit increase,[0.11-0.14],MLXIPL,GCST90269697,7:73611645
382,rs117199990-T,3e-80,0.100739,-,0.145663 unit increase,[0.13-0.16],LPL,GCST90269697,8:19963405
383,rs4336630-T,3e-11,0.345503,-,0.0326053 unit decrease,[0.023-0.042],TRIB1AL,GCST90269697,8:125472034
384,rs115478735-T,2e-36,0.184202,-,0.0756715 unit increase,[0.064-0.087],ABO,GCST90269697,9:133274295
385,rs10822145-T,1e-19,0.477883,-,0.0421061 unit increase,[0.033-0.051],JMJD1C,GCST90269697,10:63174788
386,rs174581-A,3.0000000000000003e-31,0.350858,-,0.0563723 unit decrease,[0.047-0.066],FADS2,GCST90269697,11:61839211
387,rs12419237-C,7e-11,0.250135,-,0.0352088 unit increase,[0.025-0.046],"KCNK7,MAP3K11",GCST90269697,11:65597606
388,rs964184-G,2e-116,0.132171,-,0.15666 unit decrease,[0.14-0.17],ZPR1,GCST90269697,11:116778201
389,rs141469619-G,2e-15,0.0103041,-,0.193613 unit decrease,[0.15-0.24],"SIK3,APOA1-AS",GCST90269697,11:116843577
390,rs11075253-A,6e-12,0.296473,-,0.0343297 unit increase,[0.025-0.044],"PDXDC1,NTAN1",GCST90269682,16:15054789
391,rs3764261-A,3e-37,0.323653,-,0.0619124 unit decrease,[0.052-0.071],"HERPUD1,CETP",GCST90269682,16:56959412
392,rs2925979-T,2e-11,0.300525,-,0.0332078 unit decrease,[0.024-0.043],CMIP,GCST90269682,16:81501185
393,rs72836561-T,1e-11,0.0319333,-,0.0877949 unit decrease,[0.062-0.113],CD300LG,GCST90269682,17:43848758
394,rs1801689-C,1.0000000000000001e-23,0.0303698,-,0.132897 unit increase,[0.11-0.16],APOH,GCST90269682,17:66214462
395,rs77542162-G,9e-22,0.022512,-,0.147016 unit increase,[0.12-0.18],ABCA6,GCST90269682,17:69085137
396,rs73015020-A,4.9999999999999996e-26,0.119245,-,0.0739202 unit decrease,[0.06-0.088],"LDLR,SMARCA4",GCST90269682,19:11081874
397,rs28807203-C,4e-11,0.0485437,-,0.0701994 unit decrease,[0.049-0.091],"CEACAM19,CEACAM16-AS1",GCST90269682,19:44670679
398,rs147711004-A,4e-12,0.0362638,-,0.0864829 unit increase,[0.062-0.111],"BCAM,NECTIN2",GCST90269682,19:44834661
399,rs7412-T,1e-200,0.0798676,-,0.267671 unit decrease,[0.25-0.28],APOE,GCST90269682,19:44908822
400,rs2618566-G,7e-13,0.339843,-,0.0344957 unit increase,[0.025-0.044],"RNU6-192P,BANF2",GCST90269682,20:17864040
401,rs481069-G,2e-18,0.13462,-,0.0584263 unit decrease,[0.045-0.071],"TDRD15,APOB",GCST90269682,2:21058984
402,rs1260326-T,6e-64,0.39616,-,0.078572 unit decrease,[0.069-0.088],GCKR,GCST90269682,2:27508073
403,rs1128249-T,1e-16,0.39184,-,0.0385233 unit increase,[0.029-0.048],COBLL1,GCST90269682,2:164672114
404,rs13423088-A,8e-18,0.316884,-,0.0421594 unit increase,[0.033-0.052],"MIR5702,NYAP2",GCST90269682,2:226162148
405,rs3936510-T,7e-16,0.201809,-,0.0457579 unit decrease,[0.035-0.057],C5orf67,GCST90269682,5:56565039
406,rs28752510-A,3e-15,0.460126,-,0.037339 unit decrease,[0.028-0.047],"HLA-DRB1,HLA-DQA1",GCST90269682,6:32611849
407,rs4711750-A,3e-10,0.499852,-,0.0285365 unit decrease,[0.02-0.037],"VEGFA,LINC02537",GCST90269682,6:43789345
408,rs117733303-G,2.0000000000000002e-72,0.0182436,-,0.306262 unit increase,[0.27-0.34],LPAL2,GCST90269682,6:160501838
409,rs10455872-G,1e-158,0.0795309,-,0.225483 unit increase,[0.21-0.24],LPA,GCST90269682,6:160589086
410,rs73596816-A,7e-18,0.0333143,-,0.109502 unit increase,[0.085-0.134],LPA,GCST90269682,6:160596331
411,rs4722551-C,2e-12,0.158839,-,0.0436756 unit increase,[0.031-0.056],"NFE2L3,MIR148A",GCST90269682,7:25952206
412,rs13234131-G,4e-61,0.129077,-,0.111607 unit increase,[0.098-0.125],MLXIPL,GCST90269682,7:73611645
413,rs325-C,2e-71,0.100662,-,0.134738 unit increase,[0.12-0.15],LPL,GCST90269682,8:19961817
414,rs72647336-A,8e-10,0.0571947,-,0.0650258 unit decrease,[0.044-0.086],TRIB1,GCST90269682,8:125432813
415,rs4336630-T,8.000000000000001e-23,0.345554,-,0.0472268 unit decrease,[0.038-0.057],TRIB1AL,GCST90269682,8:125472034
416,rs2519093-T,4e-27,0.184487,-,0.0635767 unit increase,[0.052-0.075],ABO,GCST90269682,9:133266456
417,rs7896518-G,6e-15,0.428818,-,0.0362299 unit increase,[0.027-0.045],JMJD1C,GCST90269682,10:63344740
418,rs174537-T,1e-38,0.342615,-,0.0621922 unit decrease,[0.053-0.072],"MYRF,TMEM258",GCST90269682,11:61785208
419,rs12419237-C,9e-10,0.250096,-,0.032451 unit increase,[0.022-0.043],"KCNK7,MAP3K11",GCST90269682,11:65597606
420,rs2229738-T,5e-11,0.0667142,-,0.0598253 unit decrease,[0.042-0.078],CPT1A,GCST90269682,11:68794860
421,rs964184-G,5e-106,0.132504,-,0.146562 unit decrease,[0.13-0.16],ZPR1,GCST90269682,11:116778201
422,rs144018203-C,5e-15,0.0108223,-,0.178381 unit decrease,[0.13-0.22],SIK3,GCST90269682,11:117045344
423,rs139974673-C,2e-16,0.025771,-,0.118457 unit decrease,[0.09-0.147],CATSPER2P1,GCST90269682,15:43735687
424,rs1601935-G,3e-23,0.344512,-,0.0477847 unit increase,[0.038-0.057],ALDH1A2,GCST90269682,15:58379566
425,rs1800588-T,3e-28,0.215659,-,0.0608781 unit increase,[0.05-0.072],"ALDH1A2,LIPC",GCST90269682,15:58431476
426,rs11591147-T,6e-35,0.0172506,-,0.215307 unit decrease,[0.18-0.25],PCSK9,GCST90269682,1:55039974
427,rs7534572-C,1e-17,0.351372,-,0.0407654 unit increase,[0.031-0.05],DOCK7,GCST90269682,1:62534004
428,rs12740374-T,1e-20,0.220663,-,0.0510047 unit decrease,[0.04-0.062],CELSR2,GCST90269682,1:109274968
429,rs10096633-T,2.9999999999999996e-42,0.124172,-,0.0978017 unit decrease,[0.084-0.112],"LPL,RPL30P9",GCST90269609,8:19973410
430,rs2721961-G,1e-11,0.28149,-,0.0358362 unit decrease,[0.025-0.046],TRPS1,GCST90269609,8:115645684
431,rs112875651-A,1e-65,0.392278,-,0.0841695 unit decrease,[0.075-0.094],TRIB1AL,GCST90269609,8:125494452
432,rs115478735-T,3e-24,0.184202,-,0.0623873 unit increase,[0.05-0.074],ABO,GCST90269609,9:133274295
433,rs964184-G,3e-77,0.132171,-,0.130052 unit increase,[0.12-0.14],ZPR1,GCST90269609,11:116778201
434,rs12804228-G,7e-13,0.0842068,-,0.0617085 unit increase,[0.045-0.079],ST3GAL4,GCST90269609,11:126390789
435,rs11854242-T,9e-10,0.274994,-,0.0326986 unit decrease,[0.022-0.043],ALDH1A2,GCST90269609,15:58279711
436,rs261290-T,9.999999999999999e-55,0.345137,-,0.0775516 unit increase,[0.068-0.087],ALDH1A2,GCST90269609,15:58386521
437,rs633695-G,1.9999999999999998e-26,0.292296,-,0.055688 unit increase,[0.045-0.066],"LIPC,ALDH1A2",GCST90269609,15:58433640
438,rs821840-G,5e-114,0.324576,-,0.114657 unit decrease,[0.1-0.12],"HERPUD1,CETP",GCST90269609,16:56959974
439,rs3794695-T,9e-16,0.189061,-,0.0486142 unit increase,[0.037-0.06],HPR,GCST90269609,16:72063928
440,rs77542162-G,4e-16,0.0225237,-,0.129929 unit increase,[0.099-0.161],ABCA6,GCST90269609,17:69085137
441,rs72631343-G,8e-11,0.128525,-,0.0459622 unit decrease,[0.032-0.06],ABCA10,GCST90269609,17:69195129
442,rs73015024-T,3e-86,0.11882,-,0.143553 unit decrease,[0.13-0.16],"SMARCA4,LDLR",GCST90269609,19:11086922
443,rs2738447-A,1e-11,0.407188,-,0.0327464 unit decrease,[0.023-0.042],LDLR,GCST90269609,19:11116804
444,rs58542926-T,8e-31,0.0746244,-,0.104022 unit decrease,[0.086-0.122],TM6SF2,GCST90269609,19:19268740
445,rs28807203-C,2e-10,0.0486993,-,0.0707957 unit decrease,[0.049-0.092],"CEACAM19,CEACAM16-AS1",GCST90269609,19:44670679
446,rs10410835-T,4e-11,0.475866,-,0.0317385 unit decrease,[0.022-0.041],NECTIN2,GCST90269609,19:44855096
447,rs112019714-C,3e-23,0.0279731,-,0.143561 unit increase,[0.12-0.17],TOMM40,GCST90269609,19:44901600
448,rs1065853-T,7e-190,0.0801877,-,0.256465 unit decrease,[0.24-0.27],"APOC1,APOE",GCST90269609,19:44909976
449,rs1883711-C,1e-22,0.0312824,-,0.136207 unit increase,[0.11-0.16],"LINC01370,MAFB",GCST90269609,20:40551182
450,rs4810479-C,8e-10,0.24895,-,0.0336245 unit increase,[0.023-0.044],"PCIF1,PLTP",GCST90269609,20:45916409
451,rs11591147-T,2.0000000000000003e-49,0.0173273,-,0.267991 unit decrease,[0.23-0.3],PCSK9,GCST90269609,1:55039974
452,rs7534572-C,1.9999999999999998e-26,0.351569,-,0.0528813 unit decrease,[0.043-0.063],DOCK7,GCST90269609,1:62534004
453,rs12740374-T,2e-65,0.22076,-,0.0972029 unit decrease,[0.086-0.108],CELSR2,GCST90269609,1:109274968
454,rs10864726-C,2e-10,0.393593,-,0.0306954 unit increase,[0.021-0.04],GALNT2,GCST90269609,1:230160406
455,rs822928-A,5e-10,0.470729,-,0.0297128 unit decrease,[0.02-0.039],LINC01132,GCST90269609,1:234737528
456,rs1318004-C,9e-13,0.463034,-,0.0339484 unit increase,[0.025-0.043],"APOB,LINC02850",GCST90269609,2:20991337
457,rs693-G,4e-107,0.478348,-,0.104327 unit decrease,[0.095-0.114],APOB,GCST90269609,2:21009323
458,rs4665972-T,2e-31,0.395658,-,0.0568262 unit increase,[0.047-0.066],SNX17,GCST90269609,2:27375230
459,rs4299376-G,3e-16,0.323605,-,0.0414134 unit increase,[0.031-0.051],ABCG8,GCST90269609,2:43845437
460,rs2343681-G,3e-10,0.211075,-,0.0366651 unit decrease,[0.025-0.048],NCK1-DT,GCST90269609,3:136816182
461,rs1471251-T,3e-10,0.3983,-,0.0305752 unit increase,[0.021-0.04],AFF1,GCST90269609,4:87055207
462,rs12916-C,3.9999999999999996e-26,0.400542,-,0.0511001 unit increase,[0.042-0.061],"CERT1,HMGCR",GCST90269609,5:75360714
463,rs4704834-A,1e-22,0.354976,-,0.0484532 unit decrease,[0.039-0.058],"HAVCR1,TIMD4",GCST90269609,5:157016055
464,rs11755689-G,4.0000000000000004e-23,0.337381,-,0.0524236 unit increase,[0.042-0.063],"HLA-DQA1,HLA-DRB1",GCST90269609,6:32618599
465,rs146203232-T,3e-15,0.0752784,-,0.0710176 unit increase,[0.053-0.089],IGF2R,GCST90269609,6:160100853
466,rs9295128-T,8e-14,0.0167942,-,0.140303 unit decrease,[0.1-0.18],"SLC22A2,SLC22A3",GCST90269609,6:160330499
467,rs55747707-A,2e-14,0.203812,-,0.0451387 unit decrease,[0.034-0.057],MLXIPL,GCST90269609,7:73623036
468,rs144503444-C,1e-11,0.0181292,-,0.122091 unit increase,[0.087-0.157],LPL,GCST90269609,8:19915644
469,rs673335-C,6e-10,0.159401,-,0.0390453 unit decrease,[0.027-0.051],"MOGAT2,RN7SL786P",GCST90269623,11:75739531
470,rs4307732-A,9e-11,0.105573,-,0.0484013 unit increase,[0.034-0.063],ST3GAL4,GCST90269623,11:126375060
471,rs597808-A,2e-11,0.485889,-,0.0308767 unit decrease,[0.022-0.04],ATXN2,GCST90269623,12:111535554
472,rs1169294-A,4e-12,0.309606,-,0.0344796 unit increase,[0.025-0.044],HNF1A,GCST90269623,12:120988791
473,rs261290-T,7e-48,0.345137,-,0.0701549 unit increase,[0.061-0.08],ALDH1A2,GCST90269623,15:58386521
474,rs633695-G,3.9999999999999996e-26,0.292296,-,0.0534956 unit increase,[0.044-0.063],"LIPC,ALDH1A2",GCST90269623,15:58433640
475,rs11644601-C,3e-10,0.297806,-,0.0316755 unit increase,[0.022-0.042],"PDXDC1,RRN3",GCST90269623,16:15078261
476,rs72836561-T,1e-13,0.0319091,-,0.096452 unit decrease,[0.071-0.122],CD300LG,GCST90269623,17:43848758
477,rs12452315-C,6e-10,0.489025,-,0.028496 unit increase,[0.019-0.038],"EFCAB13,EFCAB13-DT",GCST90269623,17:47402080
478,rs77542162-G,2.0000000000000002e-24,0.0225237,-,0.158039 unit increase,[0.13-0.19],ABCA6,GCST90269623,17:69085137
479,rs77960347-G,4e-15,0.0131497,-,0.157463 unit increase,[0.12-0.2],LIPG,GCST90269623,18:49583585
480,rs7241918-G,4e-10,0.177501,-,0.0377493 unit decrease,[0.026-0.05],"LIPG,SMUG1P1",GCST90269623,18:49634583
481,rs73013176-C,6e-12,0.0113018,-,0.151537 unit decrease,[0.11-0.19],SMARCA4,GCST90269623,19:11036850
482,rs12151108-A,9.999999999999999e-98,0.118827,-,0.148084 unit decrease,[0.13-0.16],"SMARCA4,LDLR",GCST90269623,19:11086585
483,rs58542926-T,1e-20,0.0746244,-,0.0813429 unit decrease,[0.064-0.098],TM6SF2,GCST90269623,19:19268740
484,rs111278137-A,1e-12,0.0214643,-,0.11594 unit decrease,[0.084-0.148],CEACAM16-AS1,GCST90269623,19:44711810
485,rs62117160-A,1e-200,0.0456022,-,0.352976 unit decrease,[0.33-0.37],"BCL3,CEACAM16-AS1",GCST90269623,19:44728895
486,rs147711004-A,1e-22,0.036261,-,0.123033 unit increase,[0.098-0.148],"BCAM,NECTIN2",GCST90269623,19:44834661
487,rs7254892-A,1e-200,0.0314506,-,0.472446 unit decrease,[0.45-0.5],NECTIN2,GCST90269623,19:44886339
488,rs118170342-C,9.000000000000001e-23,0.0409463,-,0.115558 unit increase,[0.093-0.139],TOMM40,GCST90269623,19:44898611
489,rs1883711-C,1e-12,0.0312824,-,0.0955253 unit increase,[0.069-0.122],"LINC01370,MAFB",GCST90269623,20:40551182
490,rs11591147-T,6e-78,0.0173273,-,0.32773 unit decrease,[0.29-0.36],PCSK9,GCST90269623,1:55039974
491,rs472495-G,6e-11,0.350283,-,0.0313657 unit decrease,[0.022-0.041],PCSK9,GCST90269623,1:55055640
492,rs11206517-G,5e-12,0.0329311,-,0.0888247 unit increase,[0.064-0.114],PCSK9,GCST90269623,1:55060755
493,rs12740374-T,1e-62,0.22076,-,0.092147 unit decrease,[0.081-0.103],CELSR2,GCST90269623,1:109274968
494,rs2642438-A,1e-13,0.296273,-,0.0373707 unit decrease,[0.028-0.047],MTARC1,GCST90269623,1:220796686
495,rs562338-A,9.999999999999999e-64,0.179822,-,0.100471 unit decrease,[0.089-0.112],"APOB,TDRD15",GCST90269623,2:21065449
496,rs4299376-G,6e-21,0.323605,-,0.0461548 unit increase,[0.037-0.056],ABCG8,GCST90269623,2:43845437
497,rs3843480-C,1.9999999999999998e-32,0.375198,-,0.0561109 unit increase,[0.047-0.065],"ANKRD31,HMGCR",GCST90269623,5:75328657
498,rs7773004-A,3e-11,0.505338,-,0.0321601 unit decrease,[0.023-0.042],"H2BC9,H3C8",GCST90269623,6:26267527
499,rs3798167-T,6e-11,0.199346,-,0.0378342 unit decrease,[0.026-0.049],SLC22A1,GCST90269623,6:160146896
